UNKNOWN, UNKNOWN, UNKNOWN, credentials-header, /appserver/rest/search/grantedPrivileges, ac9fbcc2-4866-409a-aa57-44343cfd7e1d
UNKNOWN, UNKNOWN, UNKNOWN, credentials-header, /appserver/rest/user/3869511, 8ac847c3-3511-4ed0-9e76-ecf11031a962
UNKNOWN, UNKNOWN, UNKNOWN, credentials-header, /appserver/rest/search/AccountServices, f166d0a7-273f-4975-a298-3956c1dac6d4
UNKNOWN, UNKNOWN, UNKNOWN, credentials-basic, /appserver/rest/recordingUsageThresholdEmail, 4ffefb72-c037-4ba9-92be-9e207333f6c2
UNKNOWN, UNKNOWN, UNKNOWN, hdap-id-cookie, /appserver/rest/icrextensionassociation/null, 18772a2a-f59c-40b3-880b-f8fd949c0615
UNKNOWN, UNKNOWN, UNKNOWN, credentials-header, /appserver/rest/search/grantedPrivileges, 3548c428-fa69-49fb-ad80-9360386c077b
UNKNOWN, UNKNOWN, UNKNOWN, credentials-header, /appserver/rest/user/3414506, 3fa6cc48-4c7e-4cf7-a110-44b08aefd7fd
UNKNOWN, UNKNOWN, UNKNOWN, credentials-basic, /appserver/rest/search/Account, 2d6a7b9f-63fe-4765-9fbb-e8820b0306ac
UNKNOWN, UNKNOWN, UNKNOWN, credentials-header, /appserver/rest/search/grantedPrivileges, 58bb7248-cc93-4dea-bd67-7a9c2dcf0c15
UNKNOWN, UNKNOWN, UNKNOWN, hdap-id-cookie, /appserver/rest/icrextensionassociation/null, e10393d7-0bcd-49e6-bb79-36a4c21f8586
UNKNOWN, UNKNOWN, UNKNOWN, credentials-header, /appserver/rest/object/Account/393770, 0e769b7b-633b-439c-8852-be82c4080d45
UNKNOWN, UNKNOWN, UNKNOWN, credentials-header, /appserver/rest/search/grantedPrivileges, 3568a676-b959-4f2b-b241-25b89cdf0e2a
UNKNOWN, UNKNOWN, UNKNOWN, credentials-header, /appserver/rest/search/grantedPrivileges, 0bc394da-9b83-4284-a308-0001783941ba
UNKNOWN, UNKNOWN, UNKNOWN, credentials-header, /appserver/rest/search/grantedPrivileges, b5266d9a-7daa-4720-bcc0-523fd5687b00
UNKNOWN, UNKNOWN, UNKNOWN, hdap-id-cookie, /appserver/rest/pbxsettings, a730ee98-308f-4fef-bb36-a4b80dbccf9d
UNKNOWN, UNKNOWN, UNKNOWN, credentials-basic, /appserver/rest/search/Account, 950bad0e-123c-4027-8a46-c10eb25347c0
UNKNOWN, UNKNOWN, UNKNOWN, credentials-basic, /appserver/rest/users/3144229/extensions/numbers, c5287581-13ce-4971-a807-2dbcd979d457
UNKNOWN, UNKNOWN, UNKNOWN, hdap-id-cookie, /appserver/rest/icrextensionassociation/null, e9aedf12-e1c0-4226-b3fd-af9a9b41b044
UNKNOWN, UNKNOWN, UNKNOWN, credentials-header, /appserver/rest/phonesystemkit, 48214adf-a874-4bb2-8e43-cc02197a5b72
UNKNOWN, UNKNOWN, UNKNOWN, hdap-id-cookie, /appserver/rest/icrextensionassociation/null, 187a1591-0f34-4bd5-89f2-debf3923d6d6
UNKNOWN, UNKNOWN, UNKNOWN, credentials-header, /appserver/rest/user/3818238, 8e544df7-7ff6-4900-abf1-710c1fbe05f8
UNKNOWN, UNKNOWN, UNKNOWN, hdap-id-cookie, /appserver/rest/extensionkit/2138219, dcdecd9a-a28b-41fd-a7b8-cc4cea804f23
UNKNOWN, UNKNOWN, UNKNOWN, credentials-header, /appserver/rest/search/grantedPrivileges, e32efc54-91f0-4bd1-ba58-6bab56dfc81a
UNKNOWN, UNKNOWN, UNKNOWN, credentials-header, /appserver/rest/search/grantedPrivileges, 49ebb916-5197-4867-a4a1-6162ed447c8f
UNKNOWN, UNKNOWN, UNKNOWN, credentials-header, /appserver/rest/object/Account/400954, 02c45fe8-807e-42c8-a7e9-02b74f29063d
UNKNOWN, UNKNOWN, UNKNOWN, credentials-basic, /appserver/rest/users/3361786/extensions/numbers, 29081b9b-fc70-4326-b786-37ea005581cd
UNKNOWN, UNKNOWN, UNKNOWN, credentials-header, /appserver/rest/object/Account/230253, d7fc916c-c2ef-430f-a855-228077235782
UNKNOWN, UNKNOWN, UNKNOWN, credentials-basic, /appserver/rest/users/3650097/extensions/numbers, d0f0107e-5c4f-4de9-bec7-4e59a25b78db
UNKNOWN, UNKNOWN, UNKNOWN, credentials-header, /appserver/rest/user/3475001, 878abd01-4fd3-4b79-9dd1-c0b31f436d2b
UNKNOWN, UNKNOWN, UNKNOWN, credentials-basic, /appserver/rest/search/Account, 3c5826ce-f95d-45e9-8f93-9aaef20431f3
UNKNOWN, UNKNOWN, UNKNOWN, credentials-basic, /appserver/rest/users/3144229/extensions/numbers, 8b46fbfd-9ef7-4a21-800b-df8954f4438f
UNKNOWN, UNKNOWN, UNKNOWN, credentials-header, /appserver/rest/account/369670/basicAccount, 005f7c49-7b18-45df-8b09-d7f79ca289d2
UNKNOWN, UNKNOWN, UNKNOWN, hdap-id-cookie, /appserver/rest/extensionkit/3402014, 091b25b7-9c7b-4275-9a76-bc5cc10d4550
UNKNOWN, UNKNOWN, UNKNOWN, credentials-header, /appserver/rest/user/3921255, 3c8123c4-be43-4eb5-ad5a-f9e580b98aa7
UNKNOWN, UNKNOWN, UNKNOWN, credentials-header, /appserver/rest/user/3590022, 8c02c96a-b8be-4f25-9f3f-d0ef66484a74
UNKNOWN, UNKNOWN, UNKNOWN, unknown, //appserver/hdap/ccxml/devices/112449603, 54e66955-cf25-479f-a07b-9638e33feaa0
UNKNOWN, UNKNOWN, UNKNOWN, credentials-header, /appserver/rest/phonesystemkit, be7325a4-3779-4fe2-9eb8-0588a40af16e
UNKNOWN, UNKNOWN, UNKNOWN, credentials-header, /appserver/rest/object/Account/365823, b7913d90-08ab-44a9-8a1b-4935da3e3b00
UNKNOWN, UNKNOWN, UNKNOWN, credentials-basic, /appserver/rest/users/3982078/extensions/numbers, 73dde9b3-3e00-445d-9b1e-5aa108f420bc
UNKNOWN, UNKNOWN, UNKNOWN, credentials-header, /appserver/rest/user/3474508, 540cdb08-a7bb-4757-86c7-e04a3687fec0
UNKNOWN, UNKNOWN, UNKNOWN, hdap-id-cookie, /appserver/rest/v3/searchExtensions, 7ae35990-8108-48e2-a90c-cd9eab12b3ff
UNKNOWN, UNKNOWN, UNKNOWN, credentials-basic, /appserver/rest/users/3697396/extensions/numbers, a433903d-ad81-45c7-9b69-f9c4ad56baf0
UNKNOWN, UNKNOWN, UNKNOWN, credentials-header, /appserver/rest/search/grantedPrivileges, 52a705e5-7424-432d-9281-4e625ca098a4
UNKNOWN, UNKNOWN, UNKNOWN, credentials-header, /appserver/rest/search/grantedPrivileges, 5bfcdaaf-c8b9-4739-9091-8e5550549baf
UNKNOWN, UNKNOWN, UNKNOWN, credentials-header, /appserver/rest/object/Account/412904, 645632d5-d0e0-458b-a8ae-a8d171a840e5
UNKNOWN, UNKNOWN, UNKNOWN, credentials-basic, /appserver/rest/users/3992862/extensions/numbers, 6ca05875-18c8-40ec-ba13-5b8e48c79606
UNKNOWN, UNKNOWN, UNKNOWN, credentials-header, /appserver/rest/search/grantedPrivileges, 6b4f724a-4d43-45e9-b484-e75a77d3a8b2
UNKNOWN, UNKNOWN, UNKNOWN, credentials-header, /appserver/rest/object/Account/188724, bc5e1403-bd3d-4c67-99df-8d530bc46e36
UNKNOWN, UNKNOWN, UNKNOWN, credentials-header, /appserver/rest/user/3533897, 2d4713f1-94b1-45d3-a5bb-f76604abcb2a
UNKNOWN, UNKNOWN, UNKNOWN, credentials-basic, /appserver/rest/search/Account, afcc09d1-7837-407a-b5e6-46a722026322
UNKNOWN, UNKNOWN, UNKNOWN, hdap-id-cookie, /appserver/rest/extensionkit/3727139, 177ab736-2471-4cf5-98c4-7f6f93b2ec85
UNKNOWN, UNKNOWN, UNKNOWN, hdap-id-cookie, /appserver/rest/icrextensionassociation/null, c3583cd9-ee54-4285-bfe3-6d2103e7fda6
UNKNOWN, UNKNOWN, UNKNOWN, hdap-id-cookie, /appserver/rest/icrextensionassociation/null, 0e9c7ea6-53f5-4345-b634-2602cfedf057
UNKNOWN, UNKNOWN, UNKNOWN, credentials-header, /appserver/rest/search/grantedPrivileges, c5f6bd3e-22c3-4724-b757-7b969d6b77a7
UNKNOWN, UNKNOWN, UNKNOWN, credentials-basic, /appserver/rest/users/3708302/extensions/numbers, 45364170-9842-4b16-adf5-0b0884619140
UNKNOWN, UNKNOWN, UNKNOWN, credentials-header, /appserver/rest/account/265211/basicAccount, ccc40c8f-1642-4cd9-a758-85541ef7104c
UNKNOWN, UNKNOWN, UNKNOWN, credentials-header, /appserver/rest/user/3451158, 7df02832-58d6-424a-a966-f81fdddfd361
UNKNOWN, UNKNOWN, UNKNOWN, credentials-header, /appserver/rest/search/grantedPrivileges, 814206bb-0f6c-49b3-9afe-c3bdc4d0d97b
UNKNOWN, UNKNOWN, UNKNOWN, credentials-basic, /appserver/rest/search/Account, 983acf8e-7009-4b39-a281-0a314fc5e382
UNKNOWN, UNKNOWN, UNKNOWN, credentials-header, /appserver/rest/user/2049491, 2ed6be32-f88e-4037-a38c-c91a23915600
UNKNOWN, UNKNOWN, UNKNOWN, credentials-header, /appserver/rest/search/grantedPrivileges, 93d4024e-faa4-4f98-8e01-37e703287f00
UNKNOWN, UNKNOWN, UNKNOWN, credentials-header, /appserver/rest/user/34238, a60101a5-1fc9-4fdf-b831-d79b67366c71
UNKNOWN, UNKNOWN, UNKNOWN, credentials-basic, /appserver/rest/users/3722848/extensions/numbers, 6dd56bdd-b95c-48cc-8af5-45d424bdbda2
UNKNOWN, UNKNOWN, UNKNOWN, credentials-basic, /appserver/rest/users/4013270/extensions/numbers, e4c4656b-40fa-490f-9938-3e5ee9fa5288
UNKNOWN, UNKNOWN, UNKNOWN, credentials-basic, /appserver/rest/users/4013270/extensions/numbers, bcc1e987-034c-4e7c-a68e-ec54beb8377c
UNKNOWN, UNKNOWN, UNKNOWN, credentials-header, /appserver/rest/search/User, e0123142-a113-44dc-b5b2-69880c02aaee
UNKNOWN, UNKNOWN, UNKNOWN, credentials-header, /appserver/rest/user/3311660, b26c1c44-68e1-4cb0-b4b4-12fd014ffc3e
UNKNOWN, UNKNOWN, UNKNOWN, credentials-basic, /appserver/rest/addAuditLog, 1139aa68-b968-476d-8a93-def0c2fdcc5e
UNKNOWN, UNKNOWN, UNKNOWN, credentials-basic, /appserver/rest/users/3722848/extensions/numbers, 0326a443-20c2-4507-9b94-8a8fb8df2be6
UNKNOWN, UNKNOWN, UNKNOWN, hdap-id-cookie, /appserver/rest/icrextensionassociation/null, db8bac5f-6430-4e5b-9a4f-4b7c8bf57c8e
UNKNOWN, UNKNOWN, UNKNOWN, credentials-header, /appserver/rest/search/grantedPrivileges, 45cd130e-d93e-4f95-bb5a-1bc42d2ec680
UNKNOWN, UNKNOWN, UNKNOWN, credentials-header, /appserver/rest/object/Account/168825, e2a89fbd-ddf5-4178-9662-a748cd817ea7
UNKNOWN, UNKNOWN, UNKNOWN, credentials-basic, /appserver/rest/users/4016248/extensions/numbers, 353e97ec-18e8-41eb-9275-4e7303a85da0
UNKNOWN, UNKNOWN, UNKNOWN, credentials-header, /appserver/rest/user/1295929, eb76306b-54b6-4bea-85d3-0473541140ca
UNKNOWN, UNKNOWN, UNKNOWN, hdap-id-cookie, /appserver/rest/icrextensionassociation/null, a53dddba-f990-4468-8c4a-3c1bd7bb965e
UNKNOWN, UNKNOWN, UNKNOWN, credentials-header, /appserver/rest/user/null, 008724f0-f680-4660-9766-a50f97426b4b
UNKNOWN, UNKNOWN, UNKNOWN, credentials-header, /appserver/rest/search/grantedPrivileges, 3ef47b2f-d826-4b53-b716-a5df50b15d59
UNKNOWN, UNKNOWN, UNKNOWN, credentials-header, /appserver/rest/object/Account/164769, 56b2b360-6b5a-4076-9842-4ebca3acaf22
1, 5, Anonymous, skip, /appserver/rest/sipCredentials, f8898563-9863-47b0-9dbc-21cd8e58d4ec
UNKNOWN, UNKNOWN, UNKNOWN, credentials-header, /appserver/rest/user/3208918, 6b3bd762-e4c8-462c-9d6d-4341743713be
UNKNOWN, UNKNOWN, UNKNOWN, credentials-header, /appserver/rest/user/4013270, a6849d04-ba72-48cb-bffe-1249051edc71
UNKNOWN, UNKNOWN, UNKNOWN, credentials-header, /appserver/rest/search/grantedPrivileges, d5e409ca-9cae-4577-b73c-3dc372ca3270
UNKNOWN, UNKNOWN, UNKNOWN, hdap-id-cookie, /appserver/rest/icrextensionassociation/null, d0546868-d043-4aad-b0da-4a11c406e9c2
UNKNOWN, UNKNOWN, UNKNOWN, credentials-header, /appserver/rest/search/grantedPrivileges, 62aa5789-42c2-4cda-a151-b97465a1b352
UNKNOWN, UNKNOWN, UNKNOWN, credentials-basic, /appserver/rest/search/Account, d4324f49-0be4-4894-b54f-bb0663d6fa21
UNKNOWN, UNKNOWN, UNKNOWN, credentials-basic, /appserver/rest/users/3948992/extensions/numbers, c44ae2bd-a78b-4241-b36e-cecee432dd0e
UNKNOWN, UNKNOWN, UNKNOWN, credentials-basic, /appserver/rest/search/Account, 9cdbeaf6-5710-4a08-84b6-739dfdfa443c
UNKNOWN, UNKNOWN, UNKNOWN, credentials-header, /appserver/rest/user/3722848, 74a6b0d3-dee6-495a-a01f-350067ddd252
UNKNOWN, UNKNOWN, UNKNOWN, hdap-id-cookie, /appserver/rest/icrextensionassociation/null, 5c23db1d-58b3-4dd5-a860-662122a9850b
UNKNOWN, UNKNOWN, UNKNOWN, credentials-basic, /appserver/rest/users/3948992/extensions/numbers, 7c36ffa6-b562-4fd0-9541-09af16363d7f
UNKNOWN, UNKNOWN, UNKNOWN, credentials-header, /appserver/rest/phonesystemkit, 9953ef3c-b40d-45dd-9b58-b8df654fb496
UNKNOWN, UNKNOWN, UNKNOWN, credentials-basic, /appserver/rest/users/3861993/extensions/numbers, 2c178546-d029-47be-b34a-a2de8bd68264
UNKNOWN, UNKNOWN, UNKNOWN, hdap-id-cookie, /appserver/rest/user/3354337, 6775433c-2f26-42d9-b058-3484b1599895
UNKNOWN, UNKNOWN, UNKNOWN, credentials-header, /appserver/rest/user/3771098, a03fee20-d5eb-4119-98ed-edad28085e13
UNKNOWN, UNKNOWN, UNKNOWN, hdap-id-cookie, /appserver/rest/extensionkit/5494452, 6d9d287c-559c-403b-a155-6f8b8af9aec1
UNKNOWN, UNKNOWN, UNKNOWN, credentials-basic, /appserver/rest/users/3861993/extensions/numbers, 974390bb-9580-4ca2-8353-8f80ca2849ed
UNKNOWN, UNKNOWN, UNKNOWN, credentials-header, /appserver/rest/user/34238, ff166b41-3f12-4c30-83e5-733e4eb86b4f
UNKNOWN, UNKNOWN, UNKNOWN, credentials-basic, /appserver/rest/addAuditLog, bab12757-ddfc-44e2-935c-3f3df0a4bb53
UNKNOWN, UNKNOWN, UNKNOWN, hdap-id-cookie, /appserver/rest/sipdevices/3354337, 3ead414a-df9a-46ae-ba0f-055ead6eebc5
UNKNOWN, UNKNOWN, UNKNOWN, credentials-header, /appserver/rest/search/grantedPrivileges, 1880743a-9002-48d8-8d94-1a64d4ae2ea6
UNKNOWN, UNKNOWN, UNKNOWN, credentials-basic, /appserver/rest/recordingUsageThresholdEmail, 451d5160-cd67-4467-a13e-45a1c8944005
UNKNOWN, UNKNOWN, UNKNOWN, hdap-id-cookie, /appserver/rest/users/3730915/extensions/numbers, 012ea5a4-b3fe-47bd-9877-016e208f0d0b
UNKNOWN, UNKNOWN, UNKNOWN, credentials-basic, /appserver/rest/users/3638738/extensions/numbers, 6ea59519-658b-4416-baac-766c9e67d906
UNKNOWN, UNKNOWN, UNKNOWN, credentials-header, /appserver/rest/user/3798463, f2f066e1-862e-41bb-9fe1-a6f034fb20c2
UNKNOWN, UNKNOWN, UNKNOWN, credentials-header, /appserver/rest/object/Account/407846, f5cb50f6-871f-4374-9de9-6204c2b5e310
UNKNOWN, UNKNOWN, UNKNOWN, credentials-header, /appserver/rest/user/3730915, 2605e550-b31a-4a80-93e0-38e785f04031
UNKNOWN, UNKNOWN, UNKNOWN, credentials-basic, /appserver/rest/search/Account, bc2bbc99-9676-466f-b040-1ee4d0f8a6ff
UNKNOWN, UNKNOWN, UNKNOWN, credentials-header, /appserver/rest/search/grantedPrivileges, c4049e61-49d5-4540-bc58-8b2472a3ea06
UNKNOWN, UNKNOWN, UNKNOWN, credentials-basic, /appserver/rest/search/Account, 99f25df1-37d1-43e4-a5c9-ea2f3cd8ad20
UNKNOWN, UNKNOWN, UNKNOWN, credentials-basic, /appserver/rest/addAuditLog, 2f95a0fe-f28e-4a2f-9b34-fc67c9ba1f0d
UNKNOWN, UNKNOWN, UNKNOWN, credentials-header, /appserver/rest/search/grantedPrivileges, a322bd6f-1464-4490-a18c-33a0bdfd3261
UNKNOWN, UNKNOWN, UNKNOWN, credentials-header, /appserver/rest/user/3768952, fda40637-c9d9-46cb-b854-039cf93c895a
UNKNOWN, UNKNOWN, UNKNOWN, credentials-header, /appserver/rest/object/Account/415997, 96edc1a7-5089-4510-982d-ff820dbe34e0
UNKNOWN, UNKNOWN, UNKNOWN, hdap-id-cookie, /appserver/rest/icrextensionassociation/null, 196fed19-eaed-47b0-9033-702c356b9ccb
UNKNOWN, UNKNOWN, UNKNOWN, credentials-basic, /appserver/rest/users/2317827/extensions/numbers, 35a6dd02-c96b-4921-9c07-23ccaa6e6dba
UNKNOWN, UNKNOWN, UNKNOWN, credentials-basic, /appserver/rest/users/3818268/extensions/numbers, 0c2238e8-8bab-4e9d-96db-7750d92d9c5f
UNKNOWN, UNKNOWN, UNKNOWN, credentials-header, /appserver/rest/user/3948992, 03c62bf4-66b1-4835-88c7-afa12a9377a9
UNKNOWN, UNKNOWN, UNKNOWN, credentials-header, /appserver/rest/search/grantedPrivileges, d4ed988e-7328-424a-863e-eb7b0ce61c99
UNKNOWN, UNKNOWN, UNKNOWN, credentials-basic, /appserver/rest/users/3818268/extensions/numbers, 6b2a273c-4467-4872-8a77-8d3ac02f14e4
UNKNOWN, UNKNOWN, UNKNOWN, hdap-id-cookie, /appserver/rest/icrextensionassociation/null, 0e1ff673-a81b-4a99-a8b8-141c90e14f76
UNKNOWN, UNKNOWN, UNKNOWN, credentials-header, /appserver/rest/search/User, 50a23057-28e8-4a71-8e22-bc193d371244
UNKNOWN, UNKNOWN, UNKNOWN, credentials-basic, /appserver/rest/users/3768952/extensions/numbers, 0b762360-e85f-4915-82f2-f7f5902427af
UNKNOWN, UNKNOWN, UNKNOWN, credentials-header, /appserver/rest/search/grantedPrivileges, 549b4129-43b2-44cc-96bd-005785c6f338
UNKNOWN, UNKNOWN, UNKNOWN, credentials-basic, /appserver/rest/users/2317827/extensions/numbers, 07feb7f0-72b5-48fc-bc1c-b8ec0df71fec
UNKNOWN, UNKNOWN, UNKNOWN, credentials-basic, /appserver/rest/users/3768952/extensions/numbers, fa0ca384-298c-44e6-a8bb-c8793b75398c
UNKNOWN, UNKNOWN, UNKNOWN, credentials-header, /appserver/rest/object/Account/400954, 5b1373b6-b118-4307-af03-293c772c1753
UNKNOWN, UNKNOWN, UNKNOWN, hdap-id-cookie, /appserver/rest/icrextensionassociation/null, 820482d0-6488-438e-912f-789fa3ff302b
UNKNOWN, UNKNOWN, UNKNOWN, hdap-id-header, /presence/rest/queue/992, e6905282-e63d-47b8-910e-2ac5e82e0d80
UNKNOWN, UNKNOWN, UNKNOWN, credentials-header, /appserver/rest/user/34238, 70a5415c-6d39-4e4a-bdd0-788cc087e5c3
UNKNOWN, UNKNOWN, UNKNOWN, credentials-basic, /appserver/rest/addAuditLog, 0b757af2-08ce-40e8-b972-f3aa56cc1f65
UNKNOWN, UNKNOWN, UNKNOWN, credentials-basic, /appserver/rest/addAuditLog, aedc4754-41f3-4bba-b4e0-059ca42ee50c
UNKNOWN, UNKNOWN, UNKNOWN, credentials-header, /appserver/rest/search/User, 5571a388-8a1a-4614-a1da-4c2ce0224984
UNKNOWN, UNKNOWN, UNKNOWN, credentials-header, /appserver/rest/search/grantedPrivileges, 8bc7c213-894d-4b09-9e98-aa19ae7d1419
UNKNOWN, UNKNOWN, UNKNOWN, credentials-header, /appserver/rest/user/3861993, 47ff3ed4-c377-4b5f-b633-9eb611117841
UNKNOWN, UNKNOWN, UNKNOWN, hdap-id-cookie, /appserver/rest/icrextensionassociation/null, f61b0d81-8509-4367-b6c0-ba7c18858522
UNKNOWN, UNKNOWN, UNKNOWN, credentials-header, /appserver/rest/object/Account/400954, 23d07ce4-8a05-4419-a5a0-5fe6da9b43b5
UNKNOWN, UNKNOWN, UNKNOWN, credentials-basic, /appserver/rest/addAuditLog, ff2ed6ee-c25f-4a64-8ab3-545dc3fe4fcc
UNKNOWN, UNKNOWN, UNKNOWN, credentials-header, /appserver/rest/user/34238, f2da6c25-9bb8-41d5-9f9c-6d01b5f422ba
UNKNOWN, UNKNOWN, UNKNOWN, hdap-id-cookie, /appserver/rest/icrextensionassociation/null, 351be367-a98c-4a0f-bc35-d12a40a0627c
UNKNOWN, UNKNOWN, UNKNOWN, credentials-header, /appserver/rest/search/User, 4a8a1f6e-4d08-4813-8456-95b8b89dd4fa
UNKNOWN, UNKNOWN, UNKNOWN, credentials-basic, /appserver/rest/users/3768558/extensions/numbers, 1a7540f2-0fdd-4d80-b57b-57351ce05229
UNKNOWN, UNKNOWN, UNKNOWN, unknown, /appserver/hdap/media/, f6ed6cfe-7483-4a5a-a220-90960709622b
UNKNOWN, UNKNOWN, UNKNOWN, credentials-header, /appserver/rest/search/grantedPrivileges, 9dfce745-7944-4b5b-b339-cb1c629b212e
UNKNOWN, UNKNOWN, UNKNOWN, credentials-header, /appserver/rest/user/3274244, 58274fe2-5a2d-4117-a30e-094f67dbe03d
UNKNOWN, UNKNOWN, UNKNOWN, credentials-basic, /appserver/rest/addAuditLog, 7ecaef0f-2e95-4e46-abb9-9837312eea0a
UNKNOWN, UNKNOWN, UNKNOWN, credentials-header, /appserver/rest/user/3768558, 94246475-d070-42f0-b1f6-fba1fa5c0c58
UNKNOWN, UNKNOWN, UNKNOWN, credentials-header, /appserver/rest/search/grantedPrivileges, c411f91e-cd04-4247-82e5-42f72d64beca
UNKNOWN, UNKNOWN, UNKNOWN, credentials-header, /appserver/rest/object/Account/380492, 23af4b27-5bf2-488a-a954-7611dfd2398f
UNKNOWN, UNKNOWN, UNKNOWN, hdap-id-cookie, /appserver/rest/icrextensionassociation/null, ee678123-c04f-44ae-b281-5d22c855c827
UNKNOWN, UNKNOWN, UNKNOWN, credentials-header, /appserver/rest/object/Account/400954, 3bfca4b0-80ee-4230-a07b-c579bfc08d9a
UNKNOWN, UNKNOWN, UNKNOWN, credentials-basic, /appserver/rest/users/3768161/extensions/numbers, 68c805c2-5599-4343-8889-73fa35f98574
UNKNOWN, UNKNOWN, UNKNOWN, credentials-basic, /appserver/rest/users/3525750/extensions/numbers, 27911503-0d9c-45f7-83ec-2bc3ee6f4ad4
UNKNOWN, UNKNOWN, UNKNOWN, credentials-basic, /appserver/rest/users/3768161/extensions/numbers, 8b1c7937-d119-4c20-82e0-fd4feffdb636
UNKNOWN, UNKNOWN, UNKNOWN, credentials-header, /appserver/rest/object/Account/400954, 67c6e6c2-263a-43ee-bbbd-4bcd309dc93b
UNKNOWN, UNKNOWN, UNKNOWN, credentials-header, /appserver/rest/user/34238, a7c77cae-30c2-4eb3-92a0-9c54b20a1d0d
UNKNOWN, UNKNOWN, UNKNOWN, credentials-header, /appserver/rest/search/grantedPrivileges, 40b4ad0f-da53-431e-b488-3c101e0d96ce
UNKNOWN, UNKNOWN, UNKNOWN, credentials-basic, /appserver/rest/search/Account, 7afa6d07-0b60-4fa4-99b6-edbf76165fb4
UNKNOWN, UNKNOWN, UNKNOWN, hdap-id-cookie, /appserver/rest/icrextensionassociation/null, db3ced34-6316-4155-bd4e-8bf35b73d8aa
UNKNOWN, UNKNOWN, UNKNOWN, credentials-header, /appserver/rest/search/User, 4ca0b9a9-7a7a-49f7-ab5e-7c87e14b0881
UNKNOWN, UNKNOWN, UNKNOWN, credentials-basic, /appserver/rest/users/3525750/extensions/numbers, 776a9a66-59f2-4e70-b660-4f8ce17e5955
UNKNOWN, UNKNOWN, UNKNOWN, credentials-header, /appserver/rest/user/34238, a52f48a7-a658-4f96-b7b8-2c1e38177d81
UNKNOWN, UNKNOWN, UNKNOWN, credentials-header, /appserver/rest/search/grantedPrivileges, b74f48c2-355c-44be-8f97-da1c39ee947e
UNKNOWN, UNKNOWN, UNKNOWN, hdap-id-cookie, /appserver/rest/icrextensionassociation/null, c3599150-1d7a-479a-87b2-02ffe859a824
UNKNOWN, UNKNOWN, UNKNOWN, credentials-header, /appserver/rest/user/3802307, 19e81d73-2335-4cec-8544-c446b31bc8d4
UNKNOWN, UNKNOWN, UNKNOWN, credentials-header, /appserver/rest/phonesystemkit, 0841383b-54a5-44ed-9eb9-780069c478d6
UNKNOWN, UNKNOWN, UNKNOWN, credentials-header, /appserver/rest/search/grantedPrivileges, fffe28ca-037a-4a07-8fed-ec52c4816088
UNKNOWN, UNKNOWN, UNKNOWN, credentials-header, /appserver/rest/user/3485699, d855a5a4-1bb8-4f88-acf7-25cc8cc63fe5
UNKNOWN, UNKNOWN, UNKNOWN, credentials-header, /appserver/rest/object/Account/407608, f8b49fc5-6531-4ca9-b1b9-0857e4cba4c1
UNKNOWN, UNKNOWN, UNKNOWN, credentials-header, /appserver/rest/object/Account/390457, 5f318570-10c9-45f9-83f6-3510bdcb9fb6
UNKNOWN, UNKNOWN, UNKNOWN, credentials-header, /appserver/rest/search/User, 58deec49-760f-4316-a26d-fa3212f207d1
UNKNOWN, UNKNOWN, UNKNOWN, credentials-basic, /appserver/rest/asyncallaccountsync, ba842ec1-5086-4fa6-a2ae-96421d31e3f8
UNKNOWN, UNKNOWN, UNKNOWN, credentials-header, /appserver/rest/user/34238, 345af313-087a-4d43-b0d9-8edab0586b66
UNKNOWN, UNKNOWN, UNKNOWN, credentials-basic, /appserver/rest/updateAccountIdForE911Routes, 95ce13d4-3d5d-4a1d-9489-418b83e7b787
UNKNOWN, UNKNOWN, UNKNOWN, hdap-id-cookie, /appserver/rest/search/PhoneBook, 34f2fda4-ea27-4bbf-b638-1288c38639c0
UNKNOWN, UNKNOWN, UNKNOWN, credentials-header, /appserver/rest/search/grantedPrivileges, c7cf27bf-5f01-4017-a0ef-b210d3d9e5b2
UNKNOWN, UNKNOWN, UNKNOWN, credentials-header, /appserver/rest/search/User, 2ae51639-7ba5-420c-8363-de79ad7aa2e3
UNKNOWN, UNKNOWN, UNKNOWN, hdap-id-cookie, /appserver/rest/icrextensionassociation/null, b07d758c-ba80-4a67-8ba7-28ed5d5e92a5
UNKNOWN, UNKNOWN, UNKNOWN, credentials-header, /appserver/rest/object/Account/400954, 0a1a0e52-0d5b-46b3-8d6e-c40e9e6472c0
UNKNOWN, UNKNOWN, UNKNOWN, credentials-basic, /appserver/rest/users/3638738/extensions/numbers, b0cf83b1-b719-4944-aef2-b99cf298f602
UNKNOWN, UNKNOWN, UNKNOWN, credentials-header, /appserver/rest/user/3730915, ea5ce57f-0545-418f-b15a-1cd956880822
UNKNOWN, UNKNOWN, UNKNOWN, credentials-header, /appserver/rest/user/3638738, 3fc0af6c-ac4e-41ea-acfb-230cf511ec47
UNKNOWN, UNKNOWN, UNKNOWN, credentials-basic, /appserver/rest/addAuditLog, 1a05e98e-8a71-4afc-b9ed-f45bd371753a
UNKNOWN, UNKNOWN, UNKNOWN, credentials-basic, /appserver/rest/users/3311660/extensions/numbers, 8c277bb4-badb-440c-a83d-c7c0af8d88fe
UNKNOWN, UNKNOWN, UNKNOWN, credentials-basic, /appserver/rest/addAuditLog, 63d0e142-ab31-4355-b200-365c59d52a99
UNKNOWN, UNKNOWN, UNKNOWN, credentials-basic, /appserver/rest/addAuditLog, ba7c6756-242f-454f-bc28-edddd915a20f
UNKNOWN, UNKNOWN, UNKNOWN, credentials-header, /appserver/rest/search/User, 5869fac3-cda6-4b98-bc09-59bbe599e09f
UNKNOWN, UNKNOWN, UNKNOWN, credentials-basic, /appserver/rest/users/3311660/extensions/numbers, 633ebe23-d368-4456-b881-546e35962d99
UNKNOWN, UNKNOWN, UNKNOWN, credentials-header, /appserver/rest/user/34238, 27f204a6-c7e1-4965-a293-8951327c06ab
UNKNOWN, UNKNOWN, UNKNOWN, credentials-header, /appserver/rest/object/Account/400954, 656c24f6-f94d-4b67-9856-1ae0a9e86835
UNKNOWN, UNKNOWN, UNKNOWN, credentials-header, /appserver/rest/object/Account/400954, 2d8eee46-ad30-4e37-a1be-34fe362bf20b
UNKNOWN, UNKNOWN, UNKNOWN, credentials-header, /appserver/rest/user/3818268, b2cb6ae3-50bc-4a4b-b1d1-3d85d514fa1b
UNKNOWN, UNKNOWN, UNKNOWN, hdap-id-cookie, /appserver/rest/icrextensionassociation/null, f87e3693-a74e-4a8f-8607-7e2f6fcf0de9
UNKNOWN, UNKNOWN, UNKNOWN, credentials-header, /appserver/rest/object/Account/400954, c9f8e6bc-dea7-4999-b35a-a1e685df281b
UNKNOWN, UNKNOWN, UNKNOWN, credentials-header, /appserver/rest/user/2317827, 3d3c5bb5-e37d-41a4-800a-75d0bc31d0e1
1, 5, Anonymous, skip, /appserver/rest/click2callmeToken/LLcJfNOLV%2FRsj8m%2BebILIlXmhaLiXEhL9x3OzM1zh8FG4MYcJZ2tBLA1E1JTGtvrNhtILU6Wl0AyoWzsFL6FCw%3D%3D, ab9eb33f-1c98-47b3-8d01-5cf9ada69875
UNKNOWN, UNKNOWN, UNKNOWN, credentials-header, /appserver/rest/user/34238, 9b585f11-0ff1-4ccc-8f16-6a4f4449d6b3
UNKNOWN, UNKNOWN, UNKNOWN, credentials-basic, /appserver/rest/users/3802307/extensions/numbers, 6f0157eb-34a5-4fce-8937-f12489b8bfbd
UNKNOWN, UNKNOWN, UNKNOWN, credentials-header, /appserver/rest/search/grantedPrivileges, 57c8a976-326a-47a9-82f4-42a3ff4ba0a6
UNKNOWN, UNKNOWN, UNKNOWN, credentials-basic, /appserver/rest/users/3802307/extensions/numbers, e75c0cb5-221d-42ed-8b60-58437c4a2171
UNKNOWN, UNKNOWN, UNKNOWN, credentials-header, /appserver/rest/object/Account/400954, 28ba0a06-530e-4278-a775-be688c51c029
UNKNOWN, UNKNOWN, UNKNOWN, credentials-header, /appserver/rest/object/Account/82133, f64aad1a-9f63-401e-ac6b-df3f75a2f086
UNKNOWN, UNKNOWN, UNKNOWN, credentials-header, /appserver/rest/user/34238, cca3364a-3aff-49f9-8e05-acaf866ffdf7
UNKNOWN, UNKNOWN, UNKNOWN, hdap-id-cookie, /appserver/rest/icrextensionassociation/null, 60ffd580-12a6-46d0-b50c-073f19f38329
UNKNOWN, UNKNOWN, UNKNOWN, credentials-header, /appserver/rest/search/grantedPrivileges, 3d1d2324-d206-4404-b9fa-d0f9e6114ed6
UNKNOWN, UNKNOWN, UNKNOWN, hdap-id-cookie, /appserver/rest/extensionkit/4939572, 4dbe1814-35fe-4280-82fe-df936a424099
UNKNOWN, UNKNOWN, UNKNOWN, credentials-header, /appserver/rest/search/User, c8ff6d06-222a-498b-90e5-898497aaba1b
UNKNOWN, UNKNOWN, UNKNOWN, credentials-header, /appserver/rest/object/Account/400954, d9bd4e0b-2bec-4308-8b18-8df6071ad07f
1, 5, Anonymous, skip, /appserver/rest/sipCredentials, ea5a6f65-bf32-4052-8f3f-c5b2f1583893
UNKNOWN, UNKNOWN, UNKNOWN, credentials-header, /appserver/rest/user/1219821, 91067d2a-8b78-460d-a3aa-477bca13340e
UNKNOWN, UNKNOWN, UNKNOWN, credentials-basic, /appserver/rest/users/3768558/extensions/numbers, ce4fd051-396d-4174-9398-2a6fe22fa834
UNKNOWN, UNKNOWN, UNKNOWN, credentials-header, /appserver/rest/user/34238, ba5417d5-6a22-4473-ac39-057b5fae5b3e
UNKNOWN, UNKNOWN, UNKNOWN, hdap-id-cookie, /appserver/rest/icrextensionassociation/null, 6e4222c1-243b-4f4e-ad25-dcc99e54e325
UNKNOWN, UNKNOWN, UNKNOWN, credentials-basic, /appserver/rest/users/3311675/extensions/numbers, 99d74cf6-2044-41e3-9b7d-50586ef9be3b
UNKNOWN, UNKNOWN, UNKNOWN, credentials-basic, /appserver/rest/users/3531894/extensions/numbers, 3bb18006-ac3a-4d9c-a74a-b4045121d491
UNKNOWN, UNKNOWN, UNKNOWN, hdap-id-cookie, /appserver/rest/icrextensionassociation/null, 6da4b945-f6f6-4975-bf5e-2d8728073794
UNKNOWN, UNKNOWN, UNKNOWN, credentials-basic, /appserver/rest/users/3531894/extensions/numbers, 3f11c459-0b63-4edb-8527-b35fa764727b
UNKNOWN, UNKNOWN, UNKNOWN, credentials-header, /appserver/rest/search/User, 48c3e24e-4112-43b4-8b1b-ab30b2073dd7
UNKNOWN, UNKNOWN, UNKNOWN, credentials-basic, /appserver/rest/users/3311675/extensions/numbers, 673e686a-5121-4654-92e3-a157b8d9be6a
UNKNOWN, UNKNOWN, UNKNOWN, credentials-header, /appserver/rest/search/grantedPrivileges, 3b6350fc-4bf7-4072-9a31-2d9687c885a6
1, 5, Anonymous, skip, /appserver/rest/sipCredentials, d8dbd548-6460-4e5a-b129-a400701fa86e
UNKNOWN, UNKNOWN, UNKNOWN, hdap-id-cookie, /appserver/rest/icrextensionassociation/null, 4ca188a4-e624-4f05-9933-a2174f75d79d
UNKNOWN, UNKNOWN, UNKNOWN, credentials-header, /appserver/rest/object/Account/400954, 7060f15f-d503-4894-a1df-80c49deae9d8
UNKNOWN, UNKNOWN, UNKNOWN, credentials-header, /appserver/rest/search/grantedPrivileges, f8fe459e-6ca9-4819-8379-4a701246e26c
UNKNOWN, UNKNOWN, UNKNOWN, credentials-basic, /appserver/rest/users/1219821/extensions/numbers, abd588d0-4c5c-48f5-b78c-9b7948bf7c46
UNKNOWN, UNKNOWN, UNKNOWN, credentials-header, /appserver/rest/user/3768161, 68031207-6dfa-45c0-8cc6-61929c720dcc
UNKNOWN, UNKNOWN, UNKNOWN, credentials-basic, /appserver/rest/users/1219821/extensions/numbers, 367b828f-af0d-4242-b512-3405cd97a3bd
UNKNOWN, UNKNOWN, UNKNOWN, credentials-header, /appserver/rest/user/34238, 9c60a1e7-a508-4646-979d-132c33cbe28d
UNKNOWN, UNKNOWN, UNKNOWN, credentials-header, /appserver/rest/user/3525750, 6e6f1b6f-3d52-41e4-909b-0e9de29d24cc
UNKNOWN, UNKNOWN, UNKNOWN, credentials-header, /appserver/rest/search/User, 50681db9-ce4b-4a27-bc1f-828f09a7ec23
UNKNOWN, UNKNOWN, UNKNOWN, credentials-basic, /appserver/rest/recordingUsageThresholdEmail, 7e782ddc-d98e-42e1-9b57-318d0fb06fe9
UNKNOWN, UNKNOWN, UNKNOWN, credentials-header, /appserver/rest/search/User, 38369a04-2111-4510-bd51-f8b558dd7196
UNKNOWN, UNKNOWN, UNKNOWN, credentials-basic, /appserver/rest/users/2351929/extensions/numbers, 1e18b23e-30ef-4d19-8181-a014b3ff9ce2
UNKNOWN, UNKNOWN, UNKNOWN, credentials-header, /appserver/rest/user/3311675, 8dfc3c84-83c4-4feb-8937-77bf6c381c56
UNKNOWN, UNKNOWN, UNKNOWN, credentials-header, /appserver/rest/user/3531894, b8560d4e-05dc-4cbb-9b9d-352d921f8ba3
UNKNOWN, UNKNOWN, UNKNOWN, credentials-header, /appserver/rest/object/Account/380022, dba11da2-2976-46d2-86ac-2cabe223afff
UNKNOWN, UNKNOWN, UNKNOWN, credentials-header, /appserver/rest/object/Account/400954, e4ad54e3-1307-4c05-9981-d55b6b25d3a6
UNKNOWN, UNKNOWN, UNKNOWN, unknown, /appserver/hdap/media/, 0e8b9499-c2e8-4b76-a32d-d7ce85df2694
UNKNOWN, UNKNOWN, UNKNOWN, credentials-header, /appserver/rest/user/34238, ad19f120-72fd-4def-96ec-a215b6e1f326
UNKNOWN, UNKNOWN, UNKNOWN, credentials-header, /appserver/rest/search/grantedPrivileges, f348b215-3000-42a8-b074-806eeb146df6
UNKNOWN, UNKNOWN, UNKNOWN, credentials-basic, /appserver/rest/users/3768381/extensions/numbers, e504c019-5423-4f76-a13b-7fffe43f618d
UNKNOWN, UNKNOWN, UNKNOWN, hdap-id-cookie, /appserver/rest/icrextensionassociation/null, af45f06d-be7f-4028-a532-60d8b418b1bc
UNKNOWN, UNKNOWN, UNKNOWN, credentials-header, /appserver/rest/search/grantedPrivileges, 2d6587a6-d2bb-4ed4-b81f-1b1789bb8314
UNKNOWN, UNKNOWN, UNKNOWN, credentials-header, /appserver/rest/search/grantedPrivileges, 7a634c55-571b-4f1c-9643-2bc74f68b7a1
UNKNOWN, UNKNOWN, UNKNOWN, credentials-basic, /appserver/rest/users/3768381/extensions/numbers, 16db501f-277b-44c2-9f4b-ddcc1941396a
UNKNOWN, UNKNOWN, UNKNOWN, credentials-header, /appserver/rest/user/3768381, b7277e81-1381-49cd-9f91-ded530894796
UNKNOWN, UNKNOWN, UNKNOWN, hdap-id-cookie, /appserver/rest/icrextensionassociation/null, 0dd2f7aa-9a18-4466-a912-09b1c9639d39
UNKNOWN, UNKNOWN, UNKNOWN, hdap-id-cookie, /appserver/rest/icrextensionassociation/null, c8687011-15bb-45d8-a711-adf9c6b94919
UNKNOWN, UNKNOWN, UNKNOWN, credentials-basic, /appserver/rest/users/2351929/extensions/numbers, 58975df8-4647-4b1c-8e29-411306a73b44
UNKNOWN, UNKNOWN, UNKNOWN, credentials-header, /appserver/rest/user/2049491, 9baf2cdc-a651-482c-a58e-8b292890918a
UNKNOWN, UNKNOWN, UNKNOWN, unknown, /appserver/hdap/media/, a858b628-6a7e-438c-84dd-9cf1324ca78a
UNKNOWN, UNKNOWN, UNKNOWN, credentials-header, /appserver/rest/object/Account/400954, 0ee6d027-9e7f-4c4f-8af6-4c3b41ef2767
UNKNOWN, UNKNOWN, UNKNOWN, hdap-id-cookie, /appserver/rest/icrextensionassociation/null, 51ea9aa6-1604-4ee7-b72b-772b99cb614f
UNKNOWN, UNKNOWN, UNKNOWN, credentials-header, /appserver/rest/user/2049491, bdbee7ac-d894-49e7-90a3-4aa5d982b58f
UNKNOWN, UNKNOWN, UNKNOWN, credentials-basic, /appserver/rest/search/Account, 6cdb54ae-895f-4f40-8d89-dcf8011c906c
UNKNOWN, UNKNOWN, UNKNOWN, credentials-header, /appserver/rest/user/2351929, 5cd05c44-a8fe-41f8-95c5-d58e958816f0
UNKNOWN, UNKNOWN, UNKNOWN, credentials-header, /appserver/rest/object/Account/131960, ace55283-b706-43d2-82d6-80f0ddbd6d81
1, 5, Anonymous, skip, /appserver/rest/sipCredentials, 4f9ac226-ad80-4bf4-8545-93a1d2b0e751
UNKNOWN, UNKNOWN, UNKNOWN, credentials-basic, /appserver/rest/search/Account, 4dc493e4-4f3e-47a0-87cf-8ed95d613c68
UNKNOWN, UNKNOWN, UNKNOWN, unknown, /appserver/hdap/media/, e0ef52ef-ac35-4627-94ce-c4b933732f59
UNKNOWN, UNKNOWN, UNKNOWN, hdap-id-cookie, /appserver/rest/icrextensionassociation/null, 244d2c94-9a0a-4da3-9719-322f8588168a
UNKNOWN, UNKNOWN, UNKNOWN, credentials-basic, /appserver/rest/users/2007322/extensions/numbers, c128e802-0682-4a54-9f01-bd0b1abd0d96
UNKNOWN, UNKNOWN, UNKNOWN, credentials-basic, /appserver/rest/users/2007322/extensions/numbers, dcfc7e92-4918-4a28-ac0a-ef65a66cc445
UNKNOWN, UNKNOWN, UNKNOWN, unknown, //appserver/hdap/ccxml/devices/113007750, 9091d06f-e718-4bca-8ceb-cd63d347a40e
UNKNOWN, UNKNOWN, UNKNOWN, credentials-header, /appserver/rest/user/3660106, 170b714c-159c-4a20-b1eb-ea79504ad82b
UNKNOWN, UNKNOWN, UNKNOWN, credentials-header, /appserver/rest/user/1345229, 290a0f70-f759-4675-9c12-9139a93b7549
UNKNOWN, UNKNOWN, UNKNOWN, credentials-basic, /appserver/rest/users/3894983/extensions/numbers, 922c7017-192a-4776-b15c-0612ecb8a44d
UNKNOWN, UNKNOWN, UNKNOWN, hdap-id-cookie, /appserver/rest/icrextensionassociation/null, 638e8c3d-9549-4048-a5ec-9d36790e0111
UNKNOWN, UNKNOWN, UNKNOWN, credentials-basic, /appserver/rest/users/3894983/extensions/numbers, 347b02f9-4e74-4e15-926e-a0c4149009c8
UNKNOWN, UNKNOWN, UNKNOWN, credentials-header, /appserver/rest/search/grantedPrivileges, 72b58251-ab04-40ec-bcf7-589d82486f57
UNKNOWN, UNKNOWN, UNKNOWN, unknown, //appserver/hdap/ccxml/devices/113007751, 31a575fa-6148-4f93-ab8a-8ce111547877
UNKNOWN, UNKNOWN, UNKNOWN, credentials-header, /appserver/rest/user/34238, fc06f502-d11e-475e-80a6-ec704e7e9202
UNKNOWN, UNKNOWN, UNKNOWN, credentials-header, /appserver/rest/object/Account/59146, d5abb70a-3c4b-40db-8338-6b40173a9d76
UNKNOWN, UNKNOWN, UNKNOWN, credentials-header, /appserver/rest/user/34238, faa07968-93a3-441b-9664-b1a8fa9c1f42
UNKNOWN, UNKNOWN, UNKNOWN, credentials-header, /appserver/rest/search/User, 2b6313cb-392c-4dca-9175-27f0156d0088
UNKNOWN, UNKNOWN, UNKNOWN, credentials-header, /appserver/rest/search/grantedPrivileges, c36fbbae-da27-432b-b94f-4fdcd90a1e15
UNKNOWN, UNKNOWN, UNKNOWN, credentials-basic, /appserver/rest/users/1360888/extensions/numbers, 61d66fbb-24b9-4e74-aad9-3a5fbb59e1f9
UNKNOWN, UNKNOWN, UNKNOWN, hdap-id-cookie, /appserver/rest/icrextensionassociation/null, 06722337-7cdf-42d0-8a16-5581797fa1ff
UNKNOWN, UNKNOWN, UNKNOWN, hdap-id-cookie, /appserver/rest/icrextensionassociation/null, 59ae0b53-f846-42b2-8627-33b1a699004f
UNKNOWN, UNKNOWN, UNKNOWN, credentials-basic, /appserver/rest/users/1360888/extensions/numbers, c4c2e1b5-b2e5-4c7a-8966-912d587cfa40
UNKNOWN, UNKNOWN, UNKNOWN, credentials-header, /appserver/rest/object/Account/400954, afcfcc64-9157-4212-9414-cca8ff73048d
UNKNOWN, UNKNOWN, UNKNOWN, credentials-header, /appserver/rest/user/3894983, 17eb25c1-55dc-4b1d-b573-796be5e23c11
UNKNOWN, UNKNOWN, UNKNOWN, unknown, //appserver/hdap/ccxml/devices/183493107, f57e7daf-b6b2-4c24-aeb9-cb8095463b90
UNKNOWN, UNKNOWN, UNKNOWN, unknown, //appserver/hdap/ccxml/devices/183493108, c398ee17-8418-4b33-b01a-14f11abb25f3
UNKNOWN, UNKNOWN, UNKNOWN, credentials-basic, /appserver/rest/search/Account, d08f1dfd-3298-4bbd-aa22-60f8dfb6d880
UNKNOWN, UNKNOWN, UNKNOWN, credentials-basic, /appserver/rest/search/Account, 97aca398-7e92-459b-b224-e74b59109c17
UNKNOWN, UNKNOWN, UNKNOWN, credentials-header, /appserver/rest/user/2286107, 0ac5385b-9d1c-428e-94e0-919974248cce
UNKNOWN, UNKNOWN, UNKNOWN, credentials-header, /appserver/rest/object/Account/321931, d3a38cf4-d705-44e7-a1e1-7924b9c1d0b4
UNKNOWN, UNKNOWN, UNKNOWN, credentials-header, /appserver/rest/search/grantedPrivileges, 976efb66-d027-49fd-9dbe-c2508e33c240
1, 5, Anonymous, skip, /appserver/rest/click2callmeToken/f43nnXlVBjOTMSeMdVSw31Nb%2Bb0LOrq8ZAOebMMy5Qk5xhgUEoEwHcNN2fNje0uDmPsQ7SRAcwRfNWTXrVEDxA%3D%3D, cd885113-4c82-44ba-aaa9-1994dd725f9f
UNKNOWN, UNKNOWN, UNKNOWN, hdap-id-cookie, /appserver/rest/icrextensionassociation/null, 7cff9b51-5928-46d6-bdbd-233cec4ce05f
UNKNOWN, UNKNOWN, UNKNOWN, credentials-header, /appserver/rest/user/1881104, dfe70d34-76d5-4664-9118-b7e55a6a5358
UNKNOWN, UNKNOWN, UNKNOWN, credentials-header, /appserver/rest/search/grantedPrivileges, 38578604-456c-4d35-b719-5c344be16431
UNKNOWN, UNKNOWN, UNKNOWN, credentials-header, /appserver/rest/user/1881104, 5842fe56-d581-4c2b-87b1-7808dbb76211
UNKNOWN, UNKNOWN, UNKNOWN, hdap-id-cookie, /appserver/rest/icrextensionassociation/null, 7cef9ef2-210e-47ee-9316-0dda59e60162
UNKNOWN, UNKNOWN, UNKNOWN, credentials-header, /appserver/rest/search/User, 98631d33-c139-4ea3-aa6b-901f6d0f72a8
UNKNOWN, UNKNOWN, UNKNOWN, credentials-header, /appserver/rest/user/1881104, db3b70d4-ed0a-4e3d-bb1d-03954c5d282b
UNKNOWN, UNKNOWN, UNKNOWN, credentials-header, /appserver/rest/user/2806428, 26f9ff0b-9d30-47a4-b353-49f412c0105a
UNKNOWN, UNKNOWN, UNKNOWN, hdap-id-cookie, /appserver/rest/icrextensionassociation/null, 631939ae-78fd-4820-be25-32eac10bf748
UNKNOWN, UNKNOWN, UNKNOWN, credentials-basic, /appserver/rest/users/2806428/extensions/numbers, 0788ab3b-ea73-48ab-94e9-6a61d976acad
UNKNOWN, UNKNOWN, UNKNOWN, credentials-basic, /appserver/rest/users/2806428/extensions/numbers, 478afec9-ee79-49ef-8b03-5f06597fa7cb
UNKNOWN, UNKNOWN, UNKNOWN, unknown, //appserver/hdap/ccxml/devices/182082088, be93a2cd-3e76-4cd9-bd06-0757712fb8de
UNKNOWN, UNKNOWN, UNKNOWN, credentials-basic, /appserver/rest/users/2286107/extensions/numbers, 2468b4b2-c3ac-4f65-8471-f28616036323
UNKNOWN, UNKNOWN, UNKNOWN, credentials-header, /appserver/rest/search/grantedPrivileges, 713574d9-7bf9-43c6-8a09-0d90318048f7
UNKNOWN, UNKNOWN, UNKNOWN, credentials-header, /appserver/rest/user/2007322, 911e1692-1dc3-4f2b-b4bb-278bc38a0a12
UNKNOWN, UNKNOWN, UNKNOWN, hdap-id-cookie, /appserver/rest/icrextensionassociation/null, 5a6bbf32-2a09-4e48-8343-2f6e9fbf1ecf
UNKNOWN, UNKNOWN, UNKNOWN, hdap-id-cookie, /appserver/rest/icrextensionassociation/null, e1410e32-79a9-4f46-aba8-2dba1d28ad72
UNKNOWN, UNKNOWN, UNKNOWN, credentials-header, /appserver/rest/search/grantedPrivileges, 334a84b5-4300-43e2-9562-5816033f5d87
UNKNOWN, UNKNOWN, UNKNOWN, credentials-basic, /appserver/rest/users/2286107/extensions/numbers, 790ea990-85b0-4031-bf4b-a2e1da9e9ea9
UNKNOWN, UNKNOWN, UNKNOWN, unknown, //appserver/hdap/ccxml/devices/113007752, 4acdca01-92be-4ed9-b3e7-043efe43b5a6
UNKNOWN, UNKNOWN, UNKNOWN, unknown, //appserver/hdap/ccxml/devices/183437269, c7e7b1c5-4375-4c8b-a9fd-3aef7108d2ec
UNKNOWN, UNKNOWN, UNKNOWN, credentials-basic, /appserver/rest/users/2848126/extensions/numbers, ef9cc54d-75c3-4c54-8b44-6766bd4e9c15
UNKNOWN, UNKNOWN, UNKNOWN, credentials-basic, /appserver/rest/users/3768144/extensions/numbers, 7899f955-24b3-4c45-afa2-2ab23455be47
UNKNOWN, UNKNOWN, UNKNOWN, credentials-header, /appserver/rest/account/421805/basicAccount, 12b5223f-52af-4d7c-ac95-6d5c4ffa3994
UNKNOWN, UNKNOWN, UNKNOWN, credentials-header, /appserver/rest/search/grantedPrivileges, 77cb1b32-7957-4f62-b159-238f225b6478
UNKNOWN, UNKNOWN, UNKNOWN, credentials-header, /appserver/rest/object/Account/384741, 01407b40-e579-4158-a408-8446f542d899
UNKNOWN, UNKNOWN, UNKNOWN, credentials-basic, /appserver/rest/users/2848126/extensions/numbers, eaefede7-9466-4f5a-99e5-684fc2acf11d
1, 5, Anonymous, skip, /appserver/rest/sipCredentials, cbcea5b5-7cd3-4ec1-b32d-2f9257e0ecbd
UNKNOWN, UNKNOWN, UNKNOWN, credentials-basic, /appserver/rest/users/3768144/extensions/numbers, 318d5357-578d-463d-b985-5c88a7a60ed3
UNKNOWN, UNKNOWN, UNKNOWN, credentials-header, /appserver/rest/user/3418659, ea1ee7ee-6f36-4de8-9dc5-e213d14ed61a
UNKNOWN, UNKNOWN, UNKNOWN, hdap-id-cookie, /appserver/rest/icrextensionassociation/null, 78c9350f-b76f-40a6-8579-811929864536
UNKNOWN, UNKNOWN, UNKNOWN, credentials-basic, /appserver/rest/users/3590167/extensions/numbers, c29b97f7-0db4-4432-8656-ebe5eb7d17f1
UNKNOWN, UNKNOWN, UNKNOWN, credentials-header, /appserver/rest/object/Account/354147, 4a2a3b74-904e-46d7-b504-e58922079947
UNKNOWN, UNKNOWN, UNKNOWN, credentials-header, /appserver/rest/search/grantedPrivileges, dd2809de-c697-41ac-9455-5124f8500b26
UNKNOWN, UNKNOWN, UNKNOWN, credentials-header, /appserver/rest/user/3590167, 453180d0-d3a0-4ffd-ac87-a3af967e4012
UNKNOWN, UNKNOWN, UNKNOWN, credentials-basic, /appserver/rest/users/3590167/extensions/numbers, 2c8611d2-ec7e-4047-b90d-a3e7242a3dab
UNKNOWN, UNKNOWN, UNKNOWN, hdap-id-cookie, /appserver/rest/icrextensionassociation/null, 0db43c6c-8672-45cb-9ac5-d7e29362c741
UNKNOWN, UNKNOWN, UNKNOWN, unknown, //appserver/hdap/ccxml/devices/182321117, 186e3b1c-a504-41e1-b74f-cd16d2e5f180
UNKNOWN, UNKNOWN, UNKNOWN, credentials-header, /appserver/rest/search/grantedPrivileges, 67563982-152b-403c-9a30-253838088f83
UNKNOWN, UNKNOWN, UNKNOWN, credentials-header, /appserver/rest/user/2861929, 074666e8-b5fe-4bcf-9b68-3fdaa8a514f2
UNKNOWN, UNKNOWN, UNKNOWN, hdap-id-cookie, /appserver/rest/icrextensionassociation/null, 5dc4a553-dc20-4f38-87a0-ea13b94fefc3
UNKNOWN, UNKNOWN, UNKNOWN, credentials-basic, /appserver/rest/users/3563788/extensions/numbers, 6faa9fbd-4ead-457a-8cf9-06142878f810
UNKNOWN, UNKNOWN, UNKNOWN, credentials-header, /appserver/rest/object/Account/364770, baf893c5-43f7-4f2b-9ec9-8d396d12228a
UNKNOWN, UNKNOWN, UNKNOWN, hdap-id-cookie, /appserver/rest/icrextensionassociation/null, bf9953e6-18bc-4193-b224-64d27dfa518e
UNKNOWN, UNKNOWN, UNKNOWN, credentials-header, /appserver/rest/user/3563788, 5068ac2c-03ef-4bf0-b504-70b36cfeeaea
UNKNOWN, UNKNOWN, UNKNOWN, credentials-header, /appserver/rest/search/grantedPrivileges, a64c68e7-d091-4a14-bbe3-57972591dea7
1, 5, Anonymous, skip, /appserver/rest/sipCredentials, f5e2047e-1748-4861-b417-a4d839d90e96
UNKNOWN, UNKNOWN, UNKNOWN, credentials-basic, /appserver/rest/users/2366475/extensions/numbers, 66597292-e1e4-4e50-bd67-85905632a79b
UNKNOWN, UNKNOWN, UNKNOWN, credentials-basic, /appserver/rest/users/2366475/extensions/numbers, 2afe2b97-1e90-4dd9-b579-09b5e759918f
UNKNOWN, UNKNOWN, UNKNOWN, credentials-header, /appserver/rest/accountServiceDataWithoutBilling, 7b9218c4-0ee3-4be6-908e-e05185f2ceee
UNKNOWN, UNKNOWN, UNKNOWN, credentials-basic, /appserver/rest/users/3563788/extensions/numbers, 0639e42c-82bc-4198-939f-5e19d6a2cb49
UNKNOWN, UNKNOWN, UNKNOWN, credentials-header, /appserver/rest/user/34238, 3356dd5a-0e14-429f-bf53-53ad4181996e
UNKNOWN, UNKNOWN, UNKNOWN, credentials-header, /appserver/rest/object/Account/285946, d0334ff0-64dd-4cc4-abe3-83ae9d3e716a
UNKNOWN, UNKNOWN, UNKNOWN, credentials-basic, /appserver/rest/users/3617189/extensions/numbers, ab686d8f-1559-4c3a-b1c4-074afc9168ee
UNKNOWN, UNKNOWN, UNKNOWN, credentials-header, /appserver/rest/object/Account/285946, a9586bd4-cc83-4bc1-8cb2-221854f40dcd
UNKNOWN, UNKNOWN, UNKNOWN, credentials-header, /appserver/rest/search/grantedPrivileges, b637cee0-6ac8-4d77-83b5-bc7a2dccdacf
UNKNOWN, UNKNOWN, UNKNOWN, credentials-header, /appserver/rest/object/Account/285946, 5f95ed8a-42a5-464f-b419-802a2af58d5f
UNKNOWN, UNKNOWN, UNKNOWN, credentials-header, /appserver/rest/search/grantedPrivileges, 809c27da-1a85-4f52-92ca-1f04bcc26bee
UNKNOWN, UNKNOWN, UNKNOWN, credentials-header, /appserver/rest/object/Account/400954, 4cf99e6a-544f-4c31-b050-5e6b26aa27b9
UNKNOWN, UNKNOWN, UNKNOWN, hdap-id-cookie, /appserver/rest/users/1881104/extensions/numbers, 9689d099-1c26-49b5-86ec-90ffe936bbf9
UNKNOWN, UNKNOWN, UNKNOWN, credentials-header, /appserver/rest/search/grantedPrivileges, 2bcd3226-a89d-4de1-aab4-11ee514e3916
UNKNOWN, UNKNOWN, UNKNOWN, credentials-basic, /appserver/rest/users/3117243/extensions/numbers, cb3ca058-86af-4e19-842c-164533e9be6c
UNKNOWN, UNKNOWN, UNKNOWN, unknown, //appserver/hdap/ccxml/devices/183367899, e1c18308-07e1-49d4-bab4-8a1cfa2f8abb
UNKNOWN, UNKNOWN, UNKNOWN, credentials-basic, /appserver/rest/users/3117243/extensions/numbers, ed4ddc4f-956e-4a1a-bfc8-9864eadb889c
UNKNOWN, UNKNOWN, UNKNOWN, unknown, //appserver/hdap/ccxml/devices/183437270, aa2720c1-5c8d-4b29-838d-dc6e42678e1a
UNKNOWN, UNKNOWN, UNKNOWN, credentials-basic, /appserver/rest/users/2917859/extensions/numbers, c30b2b2a-ae6e-4c8d-ace4-5c14535d91a8
UNKNOWN, UNKNOWN, UNKNOWN, credentials-basic, /appserver/rest/users/2861929/extensions/numbers, a40fb437-c6bd-4c06-b6f6-9694b4cfa792
UNKNOWN, UNKNOWN, UNKNOWN, unknown, //appserver/hdap/ccxml/devices/113007754, fec3db2d-954a-480c-b272-e5c98dbdc846
UNKNOWN, UNKNOWN, UNKNOWN, unknown, //appserver/hdap/ccxml/devices/178838998, dd3ed377-ec07-49b0-bb30-e51d0347cab8
UNKNOWN, UNKNOWN, UNKNOWN, credentials-basic, /appserver/rest/users/2917859/extensions/numbers, 862e70e2-019f-4a4c-9380-a951182ea26a
UNKNOWN, UNKNOWN, UNKNOWN, credentials-basic, /appserver/rest/users/2861929/extensions/numbers, 90902d1a-5646-495d-a12b-0cf573f2d1f0
UNKNOWN, UNKNOWN, UNKNOWN, credentials-header, /appserver/rest/phonesystemkit, 84653a9a-5ff6-4a2a-b104-d3b9cd22862f
UNKNOWN, UNKNOWN, UNKNOWN, credentials-header, /appserver/rest/search/grantedPrivileges, 6a040931-3a8b-4099-9c26-7d4b1a5f9008
UNKNOWN, UNKNOWN, UNKNOWN, credentials-header, /appserver/rest/user/4065260, 8e586465-6564-4191-9ca7-bcd2e846579a
UNKNOWN, UNKNOWN, UNKNOWN, credentials-header, /appserver/rest/user/2049491, 00a1521f-4fab-4ac9-aedb-de262a9b0473
UNKNOWN, UNKNOWN, UNKNOWN, credentials-header, /appserver/rest/user/4065260, cf96692e-2872-48df-a421-2bdb1a1d876f
UNKNOWN, UNKNOWN, UNKNOWN, credentials-basic, /appserver/rest/users/4071618/extensions/numbers, c7505dad-cfce-4c76-8417-cc8942c1a364
UNKNOWN, UNKNOWN, UNKNOWN, hdap-id-cookie, /appserver/rest/secretquestion, ee1b003e-3b40-4322-a26b-5bd21f5dc5bf
UNKNOWN, UNKNOWN, UNKNOWN, hdap-id-cookie, /appserver/rest/icrextensionassociation/null, bc0f7625-9456-44ca-a29a-20e121b6514d
UNKNOWN, UNKNOWN, UNKNOWN, credentials-header, /appserver/rest/user/4065260, 3ac64725-17ad-4876-bddc-078e0936a28a
UNKNOWN, UNKNOWN, UNKNOWN, credentials-header, /appserver/rest/user/3254437, 7624640c-fb55-4c27-837b-a4b8298c899f
UNKNOWN, UNKNOWN, UNKNOWN, credentials-header, /appserver/rest/object/Account/326019, 11bd63ed-394d-41bd-8f7f-01be53892e48
UNKNOWN, UNKNOWN, UNKNOWN, credentials-header, /appserver/rest/phonesystemkit, 1ceab66d-b78b-43c0-b40d-9ee77600ade7
UNKNOWN, UNKNOWN, UNKNOWN, credentials-basic, /appserver/rest/users/3660106/extensions/numbers, e8772c3f-0bdc-4926-a720-b79b397eaf1e
UNKNOWN, UNKNOWN, UNKNOWN, credentials-header, /appserver/rest/object/Account/75540, abc49547-e1fe-4b1b-821f-31ee7939a5af
UNKNOWN, UNKNOWN, UNKNOWN, credentials-header, /appserver/rest/search/grantedPrivileges, 12774f96-9ef2-45ef-83be-b4e0141bf656
UNKNOWN, UNKNOWN, UNKNOWN, credentials-basic, /appserver/rest/search/Account, 1cc3188f-91fd-48d8-a0cb-c578f570a9c0
UNKNOWN, UNKNOWN, UNKNOWN, credentials-basic, /appserver/rest/users/3660106/extensions/numbers, b01b105c-666b-487e-89d5-bd61695c5d54
UNKNOWN, UNKNOWN, UNKNOWN, credentials-header, /appserver/rest/user/3294160, 7060e4b8-a886-4ec6-8281-968a3dfb39e3
UNKNOWN, UNKNOWN, UNKNOWN, credentials-basic, /appserver/rest/search/Account, c57a4bac-9792-42f1-b33d-cf557308db5e
UNKNOWN, UNKNOWN, UNKNOWN, unknown, //appserver/hdap/ccxml/devices/181337494, 3ca21b1d-94c6-4af3-b01e-2bb6a4b44665
UNKNOWN, UNKNOWN, UNKNOWN, credentials-header, /appserver/rest/object/Account/219172, 11fa819c-214a-41c4-965e-e5a73778da5c
UNKNOWN, UNKNOWN, UNKNOWN, credentials-header, /appserver/rest/user/1862312, 730c8e7f-f19b-4b91-9d24-f2dd5a7b5a95
UNKNOWN, UNKNOWN, UNKNOWN, hdap-id-cookie, /appserver/rest/phonenumbers, 3fcc3044-6784-4233-8e19-3fc86e72abe3
UNKNOWN, UNKNOWN, UNKNOWN, credentials-header, /appserver/rest/phonesystemkit, dd87354a-2361-4c14-828f-07479bf6c566
1, 5, Anonymous, skip, /appserver/rest/sipCredentials, 80f36fb8-5976-4484-8b43-4d12711063f9
UNKNOWN, UNKNOWN, UNKNOWN, credentials-header, /appserver/rest/search/User, 6cc278e0-9cc3-4d19-8214-cdec62ba9eb7
UNKNOWN, UNKNOWN, UNKNOWN, credentials-basic, /appserver/rest/users/3617189/extensions/numbers, c35ca9c1-0024-4f38-8097-970c141ce035
UNKNOWN, UNKNOWN, UNKNOWN, hdap-id-cookie, /appserver/rest/extensionkit/3058488, 4b32a291-a3f0-4599-8bf1-9208601a838a
UNKNOWN, UNKNOWN, UNKNOWN, credentials-header, /appserver/rest/search/grantedPrivileges, ac05288e-a511-4ccf-b1d0-20acd3711495
UNKNOWN, UNKNOWN, UNKNOWN, credentials-header, /appserver/rest/user/1360888, aefe97ce-1f9c-43f0-bf0b-650f702b6d32
UNKNOWN, UNKNOWN, UNKNOWN, credentials-header, /appserver/rest/object/Account/408720, f1101dae-6d0d-4b18-a711-81244558f6e1
UNKNOWN, UNKNOWN, UNKNOWN, credentials-basic, /appserver/rest/users/3954829/extensions/numbers, 3e95bf36-82c9-461a-8b67-63f6ab722472
UNKNOWN, UNKNOWN, UNKNOWN, hdap-id-cookie, /appserver/rest/icrextensionassociation/null, ffa62057-f49a-4f61-ad8a-de1c3cc05ba4
UNKNOWN, UNKNOWN, UNKNOWN, credentials-header, /appserver/rest/search/grantedPrivileges, 42cd8df3-3e01-42cb-b0ee-dcc9359f2551
UNKNOWN, UNKNOWN, UNKNOWN, credentials-header, /appserver/rest/object/Account/397852, 6ff3dd83-4b86-46a5-bcf4-866366b4c056
UNKNOWN, UNKNOWN, UNKNOWN, credentials-basic, /appserver/rest/users/3768518/extensions/numbers, b99e66ec-1554-4f38-ad67-57cee98ace5f
UNKNOWN, UNKNOWN, UNKNOWN, credentials-basic, /appserver/rest/users/3768518/extensions/numbers, 6f699981-783f-4b94-ae87-e1bbb1df8525
UNKNOWN, UNKNOWN, UNKNOWN, credentials-header, /appserver/rest/user/3617189, 7334be09-81ff-44e5-8e75-008fc8587064
UNKNOWN, UNKNOWN, UNKNOWN, credentials-basic, /appserver/rest/users/3697336/extensions/numbers, 39abc147-e5ce-4ccd-bb89-c8b4525a42d4
UNKNOWN, UNKNOWN, UNKNOWN, credentials-basic, /appserver/rest/users/3954829/extensions/numbers, 05674cc3-0427-414a-a156-d0931d5b7737
